Symbol,CompanyName,Sector,FirstDate,LastDate,TradingDays,MaxHigh,MinLow,LatestClose,TotalVolume,TotalValue
ACLBSL,Aarambha Chautari Laghubitta Bittya Sanstha Limited,Microfinance,2024-12-03,2025-12-03,226,1284.9,950.0,1010.0,841924,945270911.3
ADBL,Agricultural Development Bank Limited,Commercial Banks,2024-12-03,2025-12-03,226,358.6,272.3,298.2,11464506,3590725422.56
ADBLB,Agricultural Development Bank Limited,Commercial Banks,2024-12-03,2025-12-03,226,0.0,0.0,0.0,0,0.0
ADBLB86,Agricultural Development Bank Limited,Commercial Banks,2024-12-03,2025-12-03,226,0.0,0.0,0.0,0,0.0
ADBLB87,Agricultural Development Bank Limited,Commercial Banks,2024-12-03,2025-12-03,226,0.0,0.0,0.0,0,0.0
ADBLD83,Agricultural Development Bank Limited,Commercial Banks,2024-12-03,2025-12-03,226,1160.0,1046.0,1090.1,51611,56615423.1
AHL,Asian Hydropower Limited,Hydro Power,2024-12-03,2025-12-03,226,891.0,577.4,600.0,1928133,1362484832.3
AHPC,Arun Valley Hydropower Development Co. Ltd.,Hydro Power,2024-12-03,2025-12-03,226,334.0,239.3,281.5,58052992,16786749918.45
AKJCL,Ankhu Khola Jalvidhyut Company Limited,Hydro Power,2024-12-03,2025-12-03,226,233.5,172.9,187.5,38103541,8031004410.6
AKPL,Arun Kabeli Power Ltd.,Hydro Power,2024-12-03,2025-12-03,226,306.5,216.1,243.0,55264961,14524000633.35
ALBSL,Asha Laghubitta Bittiya Sanstha Ltd.,Microfinance,2024-12-03,2025-12-03,226,1220.0,771.0,1220.0,2917687,2842741419.7
ALICL,Asian Life Insurance Co Limited,Life Insurance,2024-12-03,2025-12-03,226,831.0,430.0,465.0,8830024,5421572209.71
ANLB,Aatmanirbhar Laghubitta Bittitya Sanstha Limited,Microfinance,2024-12-03,2025-12-03,226,6800.0,4673.0,6186.0,343288,1844953884.6
API,API POWER COMPANY LIMITED,Hydro Power,2024-12-03,2025-12-03,226,335.0,246.2,288.0,46821419,13780553674.06
AVU,Arun Vanaspati Udhyog Limited,Manufacturing And Processing,2024-12-03,2025-12-03,226,58.0,58.0,58.0,0,0.0
AVYAN,Aviyan laghubittya bittiya sanstha limited,Microfinance,2024-12-03,2025-12-03,226,1306.8,906.0,979.0,1490033,1634347564.7
BANDIPUR,Bandipur Cable Car and Tourism Limited,Hotels And Tourism,2025-11-11,2025-12-03,17,837.0,285.0,825.0,1488923,1151713078.6
BARUN,Barun Hydropower Co. Ltd.,Hydro Power,2024-12-03,2025-12-03,226,589.0,292.1,332.0,35187487,15406057159.51
BBC,Bishal Bazar Company Limited,Tradings,2024-12-03,2025-12-03,226,7247.0,4480.0,4924.9,262192,1509013109.7
BEDC,Bhugol Energy Development Company Ltd,Hydro Power,2024-12-03,2025-12-03,226,1080.0,501.0,561.0,9507194,7091550358.2
BFC,Best Finance Company Ltd.,Finance,2024-12-03,2025-12-03,226,826.0,411.5,488.0,9255666,5597108878.85
BGWT,Bhagawati Hyropower Development Company Ltd.,Hydro Power,2024-12-03,2025-12-03,226,1241.0,750.1,762.0,1923984,1971357161.5
BHCL,Bikash Hydropower Company Ltd,Hydro Power,2025-08-20,2025-12-03,57,625.7,292.1,527.0,2726389,1311599746.4
BHDC,Bindhyabasini Hydropower Development Company Limited,Hydro Power,2024-12-03,2025-12-03,226,760.2,426.0,483.3,11786839,6699697487.9
BHL,Balephi Hydropower Limited,Hydro Power,2024-12-03,2025-12-03,226,410.0,164.0,181.0,54128634,11935326485.0
BHPL,Barahi Hydropower Public Limited,Hydro Power,2024-12-03,2025-12-03,226,1308.4,650.0,655.0,2225714,2094423480.6
BNHC,Buddha bhumi nepal hydro power company limited,Hydro Power,2024-12-03,2025-12-03,226,608.0,393.0,446.8,4353020,2283581891.2
BNL,Bottlers Nepal (Balaju) Limited,Manufacturing And Processing,2024-12-03,2025-12-03,226,22500.0,14900.0,15850.0,10638,193630435.7
BNT,Bottlers Nepal (Terai) Limited,Manufacturing And Processing,2024-12-03,2025-12-03,226,14680.0,10660.0,11920.0,57040,729312560.6
BOKD86,Bank of Kathmandu Ltd.,Commercial Banks,2024-12-03,2025-12-03,226,1137.0,1005.5,1115.0,9254,9882770.1
BOKD86KA,Bank of Kathmandu Ltd.,Commercial Banks,2024-12-03,2025-12-03,226,1198.5,1100.0,1186.0,6381,7284204.2
BPCL,Butwal Power Company Limited,Hydro Power,2024-12-03,2025-12-03,226,1065.0,375.1,718.0,41908991,31220803511.5
BSL,Birat Shoe Limited,Manufacturing And Processing,2024-12-03,2025-12-03,226,28.0,28.0,28.0,0,0.0
BSM,Butwal Spinning Mills Limited,Manufacturing And Processing,2024-12-03,2025-12-03,226,18.0,18.0,18.0,0,0.0
BUNGAL,Bungal Hydro Limited,Hydro Power,2025-11-10,2025-12-03,18,675.0,302.4,658.0,933875,542451822.0
C30MF,Citizens Bank International Limited,Commercial Banks,2024-12-03,2025-12-03,226,10.71,8.65,9.15,12376133,122773373.46000001
CBBL,Chhimek Laghubitta Bittiya Sanstha Limited,Microfinance,2024-12-03,2025-12-03,226,1144.8,821.5,1020.6,6222779,6194641592.7
CBLD88,Civil Bank Ltd,Commercial Banks,2024-12-03,2025-12-03,226,1254.2,1104.5,1235.0,43829,51275966.3
CCBD88,Century Commercial Bank Ltd.,Commercial Banks,2024-12-03,2025-12-03,226,1275.0,1103.0,1250.0,52997,64016114.9
CFCL,Central Finance Co. Ltd.,Finance,2024-12-03,2025-12-03,226,720.0,445.1,500.0,7952450,4685253254.6
CFL,Crystal Finance Ltd.,Finance,2024-12-03,2025-12-03,226,117.0,117.0,117.0,0,0.0
CGH,Chandragiri Hills Limited,Hotels And Tourism,2024-12-03,2025-12-03,226,1150.0,800.2,890.0,11474664,11031753159.4
CHCL,Chilime Hydropower Company Limited,Hydro Power,2024-12-03,2025-12-03,226,599.6,456.0,490.0,19871712,10617344273.5
CHDC,CEDB Hydropower Development Company Limited,Investment,2024-12-03,2025-12-03,226,2997.9,1545.3,2355.0,12903680,30242898688.47
CHL,Chhyangdi Hydropower Ltd.,Hydro Power,2024-12-03,2025-12-03,226,599.7,223.4,266.9,14540696,5885079982.35
CIT,Citizen Investment Trust,Investment,2024-12-03,2025-12-03,226,2235.0,1730.8,1860.0,2851212,5642562973.63
CITY,CITY HOTEL LIMITED ,Hotels And Tourism,2024-12-03,2025-12-03,226,1002.0,502.8,530.0,2869840,2397724590.2
CIZBD86,Citizens Bank International Limited,Commercial Banks,2024-12-03,2025-12-03,226,1200.5,1060.0,1134.5,2132,2423774.3
CIZBD90,Citizens Bank International Limited,Commercial Banks,2024-12-03,2025-12-03,226,1295.0,1113.0,1261.0,8304,9804809.5
CKHL,Chirkhwa Hydropower Limited,Hydro Power,2024-12-03,2025-12-03,226,910.0,550.0,650.0,2362888,1764180418.65
CLI,Citizen Life Insurance Company Limited,Life Insurance,2024-12-03,2025-12-03,226,774.9,411.0,485.1,10717882,6641703324.25
CMB,Capital Merchant Bank & Finance Co. Ltd.,Finance,2024-12-03,2025-12-03,226,140.0,140.0,140.0,0,0.0
CMF1,Citizens Bank International Limited,Commercial Banks,2024-12-03,2025-02-27,55,11.1,10.22,10.85,1779443,18870184.85
CMF2,CBIL Capital Limited,Mutual Fund,2024-12-03,2025-12-03,226,10.86,8.64,9.11,3191271,31229617.18
CORBL,Corporate Development Bank Limited,Development Banks,2024-12-03,2025-12-03,226,2842.3,1240.0,1700.0,2847208,5781277123.05
CREST,Crest Micro Life Insurance Limited,Life Insurance,2025-04-10,2025-12-03,145,2458.2,302.5,1263.0,3026786,4651189538.9
CYCL,CYC Nepal laghubitta Bittiya Sanstha Limited,Microfinance,2024-12-03,2025-12-03,226,2040.0,1462.2,1533.0,1213962,2061207383.4
CZBIL,Citizens Bank International Limited,Commercial Banks,2024-12-03,2025-12-03,226,240.1,183.0,196.0,16989730,3643039493.7
DDBL,Deprosc Laghubitta Bittiya Sanstha Limited,Microfinance,2024-12-03,2025-12-03,226,1010.0,759.0,875.0,3109759,2696554997.7
DHPL,Dibyashwori Hydropower Ltd.,Hydro Power,2024-12-03,2025-12-03,226,427.2,265.0,300.0,9787821,3428879437.3
DLBS,Dhaulagiri laghubitta Sanstha Limited,Microfinance,2024-12-03,2025-12-03,226,2250.0,1240.0,1365.0,597799,986638921.4
DOLTI,Dolti Power Company Ltd.,Hydro Power,2024-12-03,2025-12-03,226,1017.0,470.6,532.0,5115423,3626487897.48
DORDI,Dordi Khola Jal Bidyut Company limited,Hydro Power,2024-12-03,2025-12-03,226,696.0,213.1,265.0,19453676,6968088789.5
EBL,Everest Bank Limited,Commercial Banks,2024-12-03,2025-12-03,226,780.6,570.0,644.0,15063720,10219210048.05
EBLD86,Everest Bank Limited,Commercial Banks,2024-12-03,2025-12-03,226,1136.2,1010.2,1101.0,19752,20922445.94
EBLD91,Everest Bank Limited,Commercial Banks,2025-04-22,2025-12-03,138,1133.0,0.0,1107.0,39558,41845221.4
EBLEB89,Everest Bank Limited,Commercial Banks,2024-12-03,2025-12-03,226,1110.0,0.0,1092.4,5048,5240145.4
EDBL,Excel Development Bank Ltd.,Development Banks,2024-12-03,2025-12-03,226,838.2,530.7,575.3,9328141,6136312678.4
ENL,Emerging nepal limited,Investment,2024-12-03,2025-12-03,226,1452.0,866.0,937.0,900802,1074973027.4
FHL,Fleur Himalayan Limited,Manufacturing And Processing,2024-12-03,2025-12-03,226,75.0,75.0,75.0,0,0.0
FMDBL,First Micro Finance Laghubitta Bittiya Sanstha Limited,Microfinance,2024-12-03,2025-12-03,226,1038.8,712.0,824.0,12374553,10627429796.9
FOWAD,Forward Microfinance Laghubitta Bittiya Sanstha Limited,Microfinance,2024-12-03,2025-12-03,226,1370.0,1043.8,1119.0,883867,1051847069.1
GBBD85,Garima Bikas Bank Limited,Development Banks,2024-12-03,2025-12-03,226,1135.0,1010.0,1093.1,62157,67374699.0
GBBL,Garima Bikas Bank Limited,Development Banks,2024-12-03,2025-12-03,226,498.0,367.4,380.8,11128653,4718254526.0
GBILD84/85,Global IME Bank Limited,Commercial Banks,2024-12-03,2025-12-03,226,1220.0,1104.0,1145.0,73967,85766430.3
GBILD86/87,Global IME Bank Limited,Commercial Banks,2024-12-03,2025-12-03,226,1134.0,994.0,1134.0,53512,58069787.1
GBIME,Global IME Bank Limited,Commercial Banks,2024-12-03,2025-12-03,226,278.9,210.7,225.0,42333997,10149862212.99
GBLBS,Grameen Bikas Laghubitta Bittiya Sanstha Ltd.,Microfinance,2024-12-03,2025-12-03,226,987.0,698.0,780.0,2250482,1915001855.7
GCIL,Ghorahi Cement Industry Limited,Manufacturing And Processing,2024-12-03,2025-12-03,226,613.0,400.0,458.1,11707905,6112449215.05
GFCL,Goodwill Finance Limited,Finance,2024-12-03,2025-12-03,226,946.0,528.3,598.9,6294393,4517000201.33
GHL,Ghalemdi Hydro Limited,Hydro Power,2024-12-03,2025-12-03,226,318.0,197.0,212.5,50762457,13308309478.2
GIBF1,Global IME Balanced Fund-1,Mutual Fund,2024-12-03,2025-12-03,226,11.68,9.3,10.3,27476323,289813197.81
GILB,Global IME Laghubitta Bittiya Sanstha Ltd.,Microfinance,2024-12-03,2025-12-03,226,1441.6,1131.9,1271.0,1089433,1419816857.6
GLBSL,Gurans Laghubitta Bittiya Sanstha Ltd,Microfinance,2024-12-03,2025-12-03,226,3486.0,1912.0,1990.0,1082487,2775465234.0
GLH,Greenlife Hydropower Limited,Hydro Power,2024-12-03,2025-12-03,226,306.3,227.4,253.2,19854012,5318816025.63
GMFBS,Ganapati Laghubitta Bittiya Sanstha Ltd,Microfinance,2024-12-03,2025-12-03,226,1980.0,1395.0,1550.0,561232,969907347.5
GMFIL,Guheswori Merchant Banking & Finance Ltd.,Finance,2024-12-03,2025-12-03,226,680.3,393.1,504.0,5431306,2774057833.2
GMLI,GUARDIAN MICRO LIFE INSURANCE LIMITED,Life Insurance,2025-02-09,2025-12-03,184,2778.0,301.0,1835.0,5031174,11070885167.9
GRDBL,Green Development Bank Ltd.,Development Banks,2024-12-03,2025-12-03,226,2001.4,822.0,1184.0,7195321,9379085144.6
GRU,Gorakhkali Rubber Udhyog Limited,Manufacturing And Processing,2024-12-03,2025-12-03,226,38.0,38.0,38.0,0,0.0
GUFL,Gurkhas Finance Ltd.,Finance,2024-12-03,2025-12-03,226,792.0,460.6,515.0,3692934,2213048984.81
GVL,Green Ventures Limited,Hydro Power,2024-12-03,2025-12-03,226,662.0,424.0,528.1,16230270,8807821926.5
GWFD83,Goodwill Finance Limited,Finance,2024-12-03,2025-12-03,226,1464.8,1090.0,1182.0,20757,25211402.0
H8020,Himalayan Bank Limited,Commercial Banks,2024-12-03,2025-12-03,226,12.21,9.67,10.65,18863608,205671879.5
HATHY,HATHWAY INVESTMENT NEPAL LIMITED,Investment,2024-12-03,2025-12-03,226,1600.0,884.0,914.5,5413949,7175574013.38
HBL,Himalayan Bank Limited,Commercial Banks,2024-12-03,2025-12-03,226,261.4,184.0,190.6,17575715,3949179622.37
HBLD83,Himalayan Bank Limited,Commercial Banks,2024-12-03,2025-12-03,226,1111.0,1047.0,1067.0,1276,1382975.6
HBLD86,Himalayan Bank Limited,Commercial Banks,2024-12-03,2025-12-03,226,1201.0,1093.6,1177.0,9245,10531713.3
HBT,Harisiddhi Brick And Tiles Limited,Manufacturing And Processing,2024-12-03,2025-12-03,226,4.0,4.0,4.0,0,0.0
HDHPC,Himal Dolakha Hydropower Com. Ltd.,Hydro Power,2024-12-03,2025-12-03,226,225.9,162.0,181.8,35693225,7248926587.06
HDL,Himalayan Distillery Limited,Manufacturing And Processing,2024-12-03,2025-12-03,226,1556.1,1103.0,1170.0,18155348,23995132247.55
HEI,Himalayan Everest Insurance Limited,Non Life Insurance,2024-12-03,2025-12-03,226,710.0,458.0,497.9,4343008,2628034338.6
HFL,Himalayan Finance Limited (Bittiya Sanstha),Finance,2024-12-03,2025-12-03,226,18.0,18.0,18.0,0,0.0
HHL,Himalayan Hydropower Limited,Hydro Power,2024-12-03,2025-12-03,226,635.0,310.7,339.1,9094823,4021021598.14
HIDCL,Hydorelectricity Investment and Development Company Ltd,Investment,2024-12-03,2025-12-03,226,340.0,225.4,269.0,66951980,19698121833.91
HIMSTAR,Himstar Urja Company Ltd.,Hydro Power,2025-08-31,2025-12-03,50,1035.0,0.0,1020.0,911010,692031347.6
HLBSL,Himalayan Laghubitta Bittiya Sanstha Limited,Microfinance,2024-12-03,2025-12-03,226,1140.0,837.0,912.0,1281100,1287808117.9
HLI,Himalayan Life Insurance Limited,Life Insurance,2024-12-03,2025-12-03,226,506.8,354.8,377.0,16160810,6891569919.76
HLICF,Himalayan Life Insurance Limited,Life Insurance,2025-11-05,2025-12-03,21,10.0,8.8,9.3,93020,848801.8
HPPL,Himalayan Power Partner Ltd.,Hydro Power,2024-12-03,2025-12-03,226,711.0,379.2,478.2,38222030,21091746761.5
HRL,Himalayan Reinsurance Limited,Others,2024-12-03,2025-12-03,226,1156.0,762.1,838.0,59331701,57992529315.94
HURJA,Himalaya Urja Bikas Company Limited,Hydro Power,2024-12-03,2025-12-03,226,283.4,204.6,226.2,38317680,9693850829.9
ICFC,ICFC Finance Limited,Finance,2024-12-03,2025-12-03,226,779.0,555.0,653.7,5788594,3790734670.75
ICFCD83,ICFC Finance Limited,Finance,2024-12-03,2025-12-03,226,1368.9,1155.0,1180.0,16167,19848009.0
ICFCD88,ICFC Finance Limited,Finance,2025-03-03,2025-12-03,170,1173.0,0.0,1120.0,22566,24533821.7
IGI,IGI Prudential Insurance Limited,Non Life Insurance,2024-12-03,2025-12-03,226,664.2,392.0,424.0,5967721,3333017113.74
IHL,Ingwa Hydropower Limited,Hydro Power,2024-12-03,2025-12-03,226,838.0,490.0,550.0,3812687,2628502201.3
ILBS,Infinity Laghubitta Bittiya Sastha Ltd,Microfinance,2024-12-03,2025-12-03,226,1311.0,795.2,1108.0,2026410,2221632515.9
ILI,I.M.E. Life Insurance company Limited ,Life Insurance,2024-12-03,2025-12-03,226,530.0,405.0,460.1,6444810,3070841733.34
JBBD87,Jyoti Bikas Bank Limited,Development Banks,2024-12-03,2025-12-03,226,1260.0,1035.1,1156.1,19937,21790673.5
JBBL,Jyoti Bikas Bank Limited,Development Banks,2024-12-03,2025-12-03,226,414.0,295.0,325.9,15850741,5694299881.9
JBLB,Jeevan Bikas Laghubitta Bittiya Sanstha Ltd,Microfinance,2024-12-03,2025-12-03,226,1644.0,1270.7,1505.2,1793675,2587306556.1
JFL,Janaki Finance Company Limited,Finance,2024-12-03,2025-12-03,226,990.0,395.0,429.9,11909564,7753213790.9
JHAPA,Jhapa Energy Limited,Others,2025-11-16,2025-12-03,14,1073.6,293.4,1073.6,8180,6510648.0
JOSHI,Joshi Hydropower Development Company Ltd,Hydro Power,2024-12-03,2025-12-03,226,521.6,254.0,317.0,19848012,7886430028.3
JSLBB,Janautthan Samudayic Laghubitta Bittya Sanstha Limited,Microfinance,2024-12-03,2025-12-03,226,1860.4,1059.0,1220.0,479565,717333845.6
JSM,Jyoti Sinning Mills Limited,Manufacturing And Processing,2024-12-03,2025-12-03,226,27.0,27.0,27.0,0,0.0
KBL,Kumari Bank Limited,Commercial Banks,2024-12-03,2025-12-03,226,233.5,175.5,180.0,69913999,14641324662.2
KBLD86,Kumari Bank Limited,Commercial Banks,2024-12-03,2025-12-03,226,1257.4,1080.3,1134.0,40235,46210739.5
KBLD89,Kumari Bank Limited,Commercial Banks,2024-12-03,2025-12-03,226,1335.0,1107.0,1335.0,101573,122356829.9
KBLD90,Kumari Bank Limited,Commercial Banks,2024-12-03,2025-12-03,226,1495.0,1078.0,1495.0,168940,248274686.0
KBSH,Kutheli Bukhari Small Hydropower Ltd,Hydro Power,2024-12-03,2025-12-03,226,3300.0,1700.0,1790.0,255371,607109388.8
KDBY,Kumari Bank Limited,Commercial Banks,2024-12-03,2025-12-03,226,10.57,8.67,9.3,13141818,130071102.92
KDL,KALINCHOWK DARSHAN LIMITED ,Hotels And Tourism,2024-12-03,2025-12-03,226,1306.3,866.0,890.0,1207138,1365425771.8
KEF,Kumari Bank Limited,Commercial Banks,2024-12-03,2025-12-03,226,10.42,8.48,9.05,10275240,95906341.05
KKHC,Khanikhola Hydropower Co. Ltd.,Hydro Power,2024-12-03,2025-12-03,226,475.9,216.0,248.0,11274782,4183776006.6
KMCDB,Kalika Laghubitta Bittiya Sanstha Ltd,Microfinance,2024-12-03,2025-12-03,226,1270.0,936.6,1110.0,1404354,1544348697.8
KPCL,Kalika power Company Ltd,Hydro Power,2024-12-03,2025-12-03,226,711.0,490.0,559.0,13757282,8186926724.5
KRBL,Karnali Development Bank Limited,Development Banks,2024-12-03,2025-12-03,226,863.0,746.0,810.0,983965,795915617.0
KSBBL,Kamana Sewa Bikas Bank Limited,Development Banks,2024-12-03,2025-12-03,226,588.0,404.1,433.1,14111425,6995388820.4
KSBBLD87,Kamana Sewa Bikas Bank Limited,Development Banks,2024-12-03,2025-12-03,226,1178.1,1041.3,1142.0,8912,9777817.2
KSY,Kumari Bank Limited,Commercial Banks,2024-12-03,2025-12-03,226,10.64,8.21,8.64,7255403,71804188.42
LBBL,Lumbini Bikas Bank Ltd.,Development Banks,2024-12-03,2025-12-03,226,646.3,376.5,444.9,29415368,14973080542.199999
LBBLD89,Lumbini Bikas Bank Ltd.,Development Banks,2024-12-03,2025-12-03,226,1340.0,1082.0,1340.0,98595,120771943.6
LBLD86,Laxmi Sunrise Bank Limited,Commercial Banks,2024-12-03,2025-12-03,226,1172.1,1075.2,1131.0,1429,1596904.9
LBLD88,Laxmi Sunrise Bank Limited,Commercial Banks,2024-12-03,2025-12-03,226,1122.0,1013.1,1122.0,1309,1381587.8
LEC,Liberty Energy Company Limited,Hydro Power,2024-12-03,2025-12-03,226,263.0,180.0,193.0,39343900,8817792164.0
LICN,Life Insurance Corporation (Nepal) Limited,Life Insurance,2024-12-03,2025-12-03,226,1606.0,773.0,891.1,6237145,6527703294.65
LLBS,Laxmi Laghubitta Bittiya Sanstha Ltd.,Microfinance,2024-12-03,2025-12-03,226,1367.3,865.0,1005.0,638629,728409439.9
LSL,Laxmi Sunrise Bank Limited,Commercial Banks,2024-12-03,2025-12-03,226,252.9,201.0,232.0,32678089,7426654312.8
LUK,Laxmi Capital Market Limited,Mutual Fund,2024-12-03,2025-12-03,226,11.97,8.97,9.12,8831903,92661998.35
LVF2,Laxmi Sunrise Bank Limited,Commercial Banks,2024-12-03,2025-12-03,226,11.45,8.76,9.01,13472092,137263545.02
MABEL,Mabilung Energy Limited,Hydro Power,2025-11-04,2025-12-03,22,805.0,317.7,774.0,1100873,709561374.9
MAKAR,Makar Jitumaya Suri Hydropower Ltd ,Hydro Power,2024-12-03,2025-12-03,226,860.0,520.0,548.1,3271960,2320700360.3
MANDU,Mandu Hydropower Limited,Hydro Power,2024-12-03,2025-12-03,226,1027.0,766.5,816.0,1294579,1182097110.7
MATRI,Matribhumi Lagubitta Bittiya Sanstha Limited,Microfinance,2024-12-03,2025-12-03,226,1464.8,930.1,955.0,539754,655836840.3
MBJC,Madhya Bhotekoshi Jalavidyut Company Limited,Hydro Power,2024-12-03,2025-12-03,226,405.0,270.0,292.3,14541166,4864344993.8
MBL,Machhapuchhre Bank Limited,Commercial Banks,2024-12-03,2025-12-03,226,272.1,205.0,219.0,24583292,5841228558.8
MBLD2085,Machhapuchhre Bank Limited,Commercial Banks,2024-12-03,2025-12-03,226,1294.0,1115.2,1176.1,972,1153207.08
MBLD87,Machhapuchhre Bank Limited,Commercial Banks,2024-12-03,2025-12-03,226,1150.0,1020.0,1111.0,6767,7222628.2
MBLEF,Machhapuchhre Bank Limited,Commercial Banks,2025-05-22,2025-12-03,118,10.19,8.59,9.1,2225383,20857312.79
MCHL,Menchhiyam Hydro Power Ltd,Hydro Power,2024-12-03,2025-12-03,226,714.0,450.4,484.0,2276423,1375451128.2
MDB,Miteri Development Bank Limited,Development Banks,2024-12-03,2025-12-03,226,810.0,530.5,578.0,8458174,5671030117.8
MEHL,Manakamana Engineering Hydropower Limited,Hydro Power,2024-12-03,2025-12-03,226,696.0,372.4,483.5,6831506,3526998417.99
MEL,Modi Energy Limited,Hydro Power,2024-12-03,2025-12-03,226,393.0,259.8,289.4,12116871,3993105257.51
MEN,Mountain Energy Nepal Limited,Hydro Power,2024-12-03,2025-12-03,226,758.0,552.4,554.5,21799664,13610575567.28
MERO,Meromicrofinance Laghubitta Bittiya Sanstha Ltd.,Microfinance,2024-12-03,2025-12-03,226,1000.0,648.0,772.9,5626207,4612038449.6
MFIL,Manjushree Finance Ltd.,Finance,2024-12-03,2025-12-03,226,777.2,545.0,612.0,6533357,4281295367.51
MFLD85,Manjushree Finance Ltd.,Finance,2024-12-03,2025-12-03,226,1163.0,1037.1,1154.7,9156,9902609.9
MHCL,Molung Hydropower Company Limited,Hydro Power,2024-12-03,2025-12-03,226,655.0,363.0,395.0,6885576,3726425290.2
MHL,Mandakini Hydropower Limited,Hydro Power,2024-12-03,2025-12-03,226,1088.0,445.0,486.2,3938471,2510675782.0
MHNL,Mountain Hydro Nepal Limited,Hydro Power,2024-12-03,2025-12-03,226,316.0,226.0,246.0,6761749,1841561066.2
MKCL,Muktinath Krishi Company Limited,Others,2024-12-03,2025-12-03,226,1900.0,1333.0,1364.9,1970746,3171419153.0
MKHC,Maya Khola Hydropower Company Limited,Hydro Power,2024-12-03,2025-12-03,226,627.0,334.2,395.0,6968025,3574627992.6
MKHL,MaiKhola Hydropower Limited,Hydro Power,2024-12-03,2025-12-03,226,1027.0,603.1,816.0,5208981,3827248923.04
MKJC,Mailung Khola Jal Vidhyut Company Limited,Hydro Power,2024-12-03,2025-12-03,226,635.0,475.5,535.0,10559719,6010783365.5
MLBBL,Mithila LaghuBitta Bittiya Sanstha Limited,Microfinance,2024-12-03,2025-12-03,226,2019.0,1345.0,1661.0,1280174,2055933734.8
MLBL,Mahalaxmi Bikas Bank Ltd.,Development Banks,2024-12-03,2025-12-03,226,488.0,348.9,382.0,21235680,8721235835.1
MLBLD89,Mahalaxmi Bikas Bank Ltd.,Development Banks,2024-12-03,2025-12-03,226,1350.0,1158.0,1323.1,23095,28023596.099999998
MLBS,Manushi Laghubitta Bittiya Sanstha Limited,Microfinance,2024-12-03,2025-12-03,226,2530.0,1395.0,1519.8,647838,1294072582.7
MLBSL,Mahila Laghubitta Bittiya Sanstha Ltd,Microfinance,2024-12-03,2025-12-03,226,2631.0,1892.0,2018.9,660669,1517969489.1
MMF1,Mega  Bank Nepal Ltd.,Commercial Banks,2024-12-03,2025-12-03,226,9.95,8.05,8.48,12200977,110546611.75
MMKJL,Mathillo Mailun Khola Jalvidhyut Ltd.,Hydro Power,2024-12-03,2025-12-03,226,890.4,528.2,584.2,4665110,3318260610.43
MNBBL,Muktinath Bikas Bank Ltd.,Development Banks,2024-12-03,2025-12-03,226,503.0,343.6,347.9,17961188,7607835028.8
MND84/85,Muktinath Bikas Bank Ltd.,Development Banks,2024-12-03,2025-12-03,226,1125.0,1015.0,1125.0,10767,11585973.5
MNMF1,Muktinath Bikas Bank Ltd.,Development Banks,2025-01-07,2025-12-03,204,10.42,0.0,8.99,5953954,55536078.46
MPFL,Multipurpose Finance Company  Limited,Finance,2024-12-03,2025-12-03,226,807.8,491.0,559.0,5015564,3262395166.6
MSHL,Mid solu Hydropower Limited,Hydro Power,2024-12-03,2025-12-03,226,1135.0,808.5,912.0,1271671,1225703507.3
MSLB,Mahuli Laghubitta Bittiya Sanstha Limited,Microfinance,2024-12-03,2025-12-03,226,1710.0,1130.2,1466.9,1283546,1845302808.1
NABBC,Narayani Development Bank Limited,Development Banks,2024-12-03,2025-12-03,226,2060.0,662.0,1075.0,10906881,15379299273.9
NABIL,Nabil Bank Limited,Commercial Banks,2024-12-03,2025-12-03,226,562.0,471.0,510.2,14128847,7187989468.8
NABILD2089,Nabil Bank Limited,Commercial Banks,2025-11-13,2025-12-03,15,1099.4,0.0,1085.0,6610,7113220.5
NABILD87,Nabil Bank Limited,Commercial Banks,2024-12-03,2025-12-03,226,1162.0,1039.0,1142.5,5758,6300764.8
NADEP,Nadep Laghubittiya bittya Sanstha Ltd.,Microfinance,2024-12-03,2025-12-03,226,1067.0,696.0,772.2,1015983,924673039.8
NBBD2085,Nepal Bangladesh Bank Limited,Commercial Banks,2024-12-03,2025-12-03,226,1199.9,1078.6,1132.0,51914,60961756.8
NBBU,Nepal Bitumin And Barrel Udhyog Limited,Manufacturing And Processing,2024-12-03,2025-12-03,226,64.0,64.0,64.0,0,0.0
NBF2,Nabil Bank Limited,Commercial Banks,2024-12-03,2025-12-03,226,11.1,8.86,9.31,10464126,104082673.48
NBF3,Nabil Bank Limited,Commercial Banks,2024-12-03,2025-12-03,226,10.67,8.35,9.11,17840815,174351396.02
NBL,Nepal Bank Limited,Commercial Banks,2024-12-03,2025-12-03,226,313.0,225.4,240.3,22146600,5928366383.62
NBLD82,Nabil Bank Limited,Commercial Banks,2024-12-03,2025-12-03,226,1248.0,1042.5,1100.0,20344,21969670.8
NBLD85,Nabil Bank Limited,Commercial Banks,2024-12-03,2025-12-03,226,1187.0,995.0,1187.0,223516,250869866.8
NBLD87,Nepal Bank Limited,Commercial Banks,2024-12-03,2025-12-03,226,1150.0,1010.1,1114.1,24039,25364990.7
NCCD86,Nepal Credit And Commercial Bank Limited,Commercial Banks,2024-12-03,2025-12-03,226,1181.0,1040.2,1181.0,61045,68395336.8
NESDO,NESDO Sambridha Laghubitta Bittiya Sanstha Limited,Microfinance,2024-12-03,2025-12-03,226,2522.0,1380.1,1516.0,497746,953353497.3
NFD,Nepal Film Development Company Limited,Others,2024-12-03,2025-12-03,226,34.0,34.0,34.0,0,0.0
NFS,Nepal Finance Ltd.,Finance,2024-12-03,2025-12-03,226,1332.0,576.0,642.3,11108269,9004120774.1
NGPL,Ngadi Group Power Ltd.,Hydro Power,2024-12-03,2025-12-03,226,465.0,250.0,394.0,123465864,46132001099.84
NHDL,Nepal Hydro Developers Ltd,Hydro Power,2024-12-03,2025-12-03,226,1002.6,630.0,698.4,3943443,3176120462.1
NHPC,National Hydro Power Company Limited,Hydro Power,2024-12-03,2025-12-03,226,254.0,178.6,191.0,26805646,5921772045.48
NIBD2082,Nepal Investment Mega Bank Limited,Commercial Banks,2024-12-03,2025-12-03,226,1174.4,1046.9,1070.0,30216,33825278.6
NIBD84,Nepal Investment Mega Bank Limited,Commercial Banks,2024-12-03,2025-12-03,226,1130.0,1013.1,1130.0,7985,8359816.0
NIBLGF,NIBL Growth Fund,Mutual Fund,2024-12-03,2025-12-03,226,10.09,7.84,8.56,6432108,57076216.33
NIBLSTF,Nepal Investment Mega Bank Limited,Commercial Banks,2024-12-03,2025-12-03,226,10.08,7.85,8.4,6541215,55383895.67
NIBSF2,Nepal Investment Mega Bank Limited,Commercial Banks,2024-12-03,2025-12-03,226,9.58,8.01,8.54,9180518,79696920.33
NICA,NIC Asia Bank Ltd.,Commercial Banks,2024-12-03,2025-12-03,226,436.0,304.5,320.0,23478447,8829764552.7
NICAD8182,NIC Asia Bank Ltd.,Commercial Banks,2024-12-03,2025-01-13,27,1071.0,1035.6,1071.0,2761,2899593.0
NICAD8283,NIC Asia Bank Ltd.,Commercial Banks,2024-12-03,2025-09-18,184,1222.9,1032.5,1050.0,123401,135522290.6
NICAD85/86,NIC Asia Bank Ltd.,Commercial Banks,2024-12-03,2025-12-03,226,1190.0,1053.5,1135.1,8135,9046741.5
NICBF,NIC ASIA Capital Ltd,Mutual Fund,2024-12-03,2025-12-03,226,10.6,8.48,8.7,4243735,40169808.8
NICD83/84,NIC Asia Bank Ltd.,Commercial Banks,2024-12-03,2025-12-03,226,1150.0,1050.4,1146.0,2867,3155655.4
NICD88,NIC Asia Bank Ltd.,Commercial Banks,2024-12-03,2025-12-03,226,1147.0,1006.0,1126.0,13962,14909788.9
NICFC,NIC Asia Bank Ltd.,Commercial Banks,2024-12-03,2025-12-03,226,10.4,8.37,8.77,2673701,25665017.22
NICGF,NIC Asia Bank Ltd.,Commercial Banks,2024-12-03,2025-03-09,61,11.09,10.02,10.9,3907770,41945577.85
NICGF2,NIC Asia Bank Ltd.,Commercial Banks,2024-12-03,2025-12-03,226,9.98,8.33,8.75,3858088,33669749.64
NICL,Nepal Insurance Co. Ltd.,Non Life Insurance,2024-12-03,2025-12-03,226,1047.0,489.1,522.9,3690076,2851570127.3
NICLBSL,NIC ASIA Laghubitta Bittiya Sanstha Limited,Microfinance,2024-12-03,2025-12-03,226,764.0,535.0,570.0,2284697,1499509821.7
NICSF,NIC ASIA Capital Ltd,Mutual Fund,2024-12-03,2025-12-03,226,10.1,8.04,8.57,7984577,74568203.72
NIFRA,Nepal Infrastructure Bank Limited,Investment,2024-12-03,2025-12-03,226,328.1,240.1,273.4,61505425,17571569183.47
NIFRAUR85/86,Nepal Infrastructure Bank Limited,Investment,2024-12-03,2025-12-03,226,1123.6,955.0,1123.6,4425,4503459.0
NIL,Neco Insurance Limited,Non Life Insurance,2024-12-03,2025-12-03,226,999.0,562.0,618.1,3189791,2386394765.0
NIMB,Nepal Investment Mega Bank Limited,Commercial Banks,2024-12-03,2025-12-03,226,247.0,188.8,195.0,30282478,6572534473.2
NIMBD90,Nepal Investment Mega Bank Limited,Commercial Banks,2024-12-03,2025-12-03,226,1425.0,1102.5,1247.0,229623,303022906.0
NKU,Nepal Khadya Udhyog Limited,Manufacturing And Processing,2024-12-03,2025-12-03,226,32.0,32.0,32.0,0,0.0
NLG,NLG Insurance Company Ltd.,Non Life Insurance,2024-12-03,2025-12-03,226,1195.0,660.0,697.9,9350196,8194401124.06
NLIC,NEPAL LIFE INSURANCE COMPANY LIMITED,Life Insurance,2024-12-03,2025-12-03,226,890.0,702.0,829.0,12125676,9693574943.9
NLICL,National Life Insurance Co. Ltd.,Life Insurance,2024-12-03,2025-12-03,226,738.0,539.0,606.7,5738120,3585979831.04
NLO,Nepal Lube Oil Limited,Manufacturing And Processing,2024-12-03,2025-12-03,226,293.2,242.1,244.33,160,43068.8
NMB,NMB Bank Limited,Commercial Banks,2024-12-03,2025-12-03,226,283.0,230.0,247.9,15678244,3952113064.92
NMB50,NMB Capital Ltd.,Mutual Fund,2024-12-03,2025-12-03,226,11.93,9.75,10.3,10014753,105821493.5
NMBD2085,NMB Bank Limited,Commercial Banks,2024-12-03,2025-12-03,226,1188.0,1076.0,1165.0,1006,1126480.3
NMBD87/88,NMB Bank Limited,Commercial Banks,2024-12-03,2025-12-03,226,1145.0,1010.0,1124.0,10255,11154619.4
NMBD89/90,NMB Bank Limited,Commercial Banks,2024-12-03,2025-12-03,226,1336.0,1068.4,1260.0,49461,60370774.9
NMBEB92/93,NMB Bank Limited,Commercial Banks,2024-12-03,2025-12-03,226,0.0,0.0,0.0,0,0.0
NMBMF,NMB  Microfinance Bittiya Sanstha Ltd.,Microfinance,2024-12-03,2025-12-03,226,876.0,596.0,704.0,1443364,1080593659.2
NMFBS,National  Laghubitta Bittiya Sanstha Limited,Microfinance,2024-12-03,2025-12-03,226,1504.0,1161.0,1290.2,1437500,1882193353.7
NMIC,Nepal Micro Insurance Company Limited,Non Life Insurance,2025-04-07,2025-12-03,148,2703.3,0.0,1296.0,2763292,4700203922.9
NMLBBL,Nerude Mirmire Laghubitta Bittiya Sanstha Ltd.,Microfinance,2024-12-03,2025-12-03,226,807.0,600.0,680.0,3275708,2263835918.1
NRIC,Nepal Reinsurance Company Limited,Others,2024-12-03,2025-12-03,226,1842.0,722.0,1315.0,42506437,55923582963.840004
NRM,Nepal Republic Media Ltd,Others,2024-12-03,2025-12-03,226,645.0,390.1,422.0,15576610,8017093748.0
NRN,NRN Infrastructure and Development Limited,Investment,2024-12-03,2025-12-03,226,2444.0,930.0,1433.0,31987141,53960343885.82
NSIF2,NMB Capital Ltd.,Mutual Fund,2024-12-03,2025-12-03,226,11.93,9.75,10.25,33082950,351112064.6
NSM,Nepal Share Markets Ltd.,Finance,2024-12-03,2025-12-03,226,174.0,174.0,174.0,0,0.0
NTC,Nepal Doorsanchar Company Limited,Others,2024-12-03,2025-12-03,226,996.3,762.5,862.0,5366933,4764643023.65
NTL,Nepal Tading Limited,Tradings,2024-12-03,2025-12-03,226,56.0,56.0,56.0,0,0.0
NUBL,Nirdhan Utthan Laghubitta Bittiya Sanstha Limited,Microfinance,2024-12-03,2025-12-03,226,854.4,650.0,761.0,3988288,2927031711.8
NVG,Nepal Vanaspati Ghee Udhyog Limited,Manufacturing And Processing,2024-12-03,2025-12-03,226,300.0,300.0,300.0,0,0.0
NWC,Nepal Welfare Company Limited,Tradings,2024-12-03,2025-12-03,226,95.0,95.0,95.0,0,0.0
NWCL,Nepal Warehousing Company Limited,Others,2024-12-03,2025-12-03,226,1147.0,740.2,820.0,1327565,1302342643.0
NYADI,Nyadi hydropower limited,Hydro Power,2024-12-03,2025-12-03,226,880.0,331.1,397.2,13782173,7805368390.8
OHL,Oriental Hotels Limited,Hotels And Tourism,2024-12-03,2025-12-03,226,1100.0,633.1,702.0,3110341,2761022137.9
OMPL,Om Megashree Pharmaceuticals Limited,Manufacturing And Processing,2025-05-04,2025-12-03,131,2167.2,270.0,1311.0,2214225,3200532339.7
PBD84,Prime Commercial Bank Ltd.,Commercial Banks,2024-12-03,2025-12-03,226,1156.5,1052.0,1112.5,4435,4877159.8
PBD85,Prime Commercial Bank Ltd.,Commercial Banks,2024-12-03,2025-12-03,226,1109.0,1020.6,1095.0,14658,15716423.05
PBD88,Prime Commercial Bank Ltd.,Commercial Banks,2024-12-03,2025-12-03,226,1255.0,1090.0,1240.0,49673,56857868.12
PBLD84,Prabhu  Bank Limited,Commercial Banks,2024-12-03,2025-12-03,226,1144.0,1062.1,1126.0,62748,68848369.3
PBLD86,Prabhu  Bank Limited,Commercial Banks,2024-12-03,2025-12-03,226,1189.0,1079.0,1121.0,10194,11419815.2
PBLD87,Prabhu  Bank Limited,Commercial Banks,2024-12-03,2025-12-03,226,1147.0,1015.1,1147.0,15757,16840304.6
PCBL,Prime Commercial Bank Ltd.,Commercial Banks,2024-12-03,2025-12-03,226,290.0,226.0,245.9,18312585,4688425818.92
PFL,Pokhara Finance Ltd.,Finance,2024-12-03,2025-12-03,226,727.2,339.9,378.0,10202466,4655636308.09
PHCL,Peoples Hydropower Company Limited,Hydro Power,2024-12-03,2025-12-03,226,745.6,274.0,285.6,14625379,7821100039.7
PMHPL,Panchakanya Mai Hydropower Ltd,Hydro Power,2024-12-03,2025-12-03,226,468.0,259.5,331.0,14634072,5401023733.05
PMLI,Prabhu Mahalaxmi Life Insurance Limited,Life Insurance,2024-12-03,2025-12-03,226,665.0,445.0,495.0,4907105,2756826475.3
PPCL,Panchthar Power Company Ltd,Hydro Power,2024-12-03,2025-12-03,226,409.9,268.0,326.1,13511312,4662437608.8
PPL,Peoples Power Limited,Hydro Power,2024-12-03,2025-12-03,226,648.6,263.2,336.3,10481123,4499616710.0
PRIN,Prabhu Insurance Ltd.,Non Life Insurance,2024-12-03,2025-12-03,226,1088.8,630.0,682.0,3974005,3478443558.2
PROFL,Progressive Finance Limited,Finance,2024-12-03,2025-12-03,226,739.0,421.4,474.5,6759193,3811484808.1
PRSF,Prabhu Capital Limited,Mutual Fund,2024-12-03,2025-12-03,226,12.05,9.67,10.55,32552185,354639271.42
PRVU,Prabhu  Bank Limited,Commercial Banks,2024-12-03,2025-12-03,226,250.9,184.2,188.4,46225875,10177627731.25
PSF,Prabhu  Bank Limited,Commercial Banks,2024-12-03,2025-12-03,226,11.9,9.47,10.43,29320271,314694829.75
RADHI,Radhi Bidyut Company Ltd,Hydro Power,2024-12-03,2025-12-03,226,905.6,322.2,735.0,67676479,46840832567.3
RAWA,Rawa Energy Development Ltd.,Hydro Power,2024-12-03,2025-12-03,226,990.0,686.0,732.0,1938653,1653057045.5
RBBD2088,Rastriya Banijya Bank,Commercial Banks,2025-07-31,2025-12-03,70,1085.0,0.0,1085.0,22186,23213881.5
RBBD83,Rastriya Banijya Bank,Commercial Banks,2024-12-03,2025-12-03,226,1091.0,990.0,1055.1,15040,15733139.86
RBCL,Rastriya Beema Company Limited,Non Life Insurance,2024-12-03,2025-12-03,226,18409.0,14024.0,15148.9,89437,1383832613.4
RFPL,River Falls power Limited,Hydro Power,2024-12-03,2025-12-03,226,1484.0,306.0,397.5,15945749,11344852434.4
RHGCL,Rapti Hydro and General Construction Limited,Hydro Power,2024-12-03,2025-12-03,226,708.0,217.2,262.7,11909680,4874071595.2
RHPL,Rasuwagadhi Hydropower Company Limited,Hydro Power,2024-12-03,2025-12-03,226,527.0,252.3,284.0,20246169,8003419751.0
RIDI,Ridi Power Company Limited,Hydro Power,2024-12-03,2025-12-03,226,302.0,203.5,224.9,34501046,8843739410.09
RJM,Raghupati Jute Mills Limited,Manufacturing And Processing,2024-12-03,2025-12-03,226,100.0,100.0,100.0,0,0.0
RLFL,Reliance Finance Ltd.,Finance,2024-12-03,2025-12-03,226,703.8,398.0,441.0,8730109,4827139522.0
RMF1,RBB Merchant Banking Limited,Mutual Fund,2024-12-03,2025-12-03,226,11.4,8.38,9.1,18075250,182375732.15
RMF2,RBB Merchant Banking Limited,Mutual Fund,2024-12-03,2025-12-03,226,10.58,8.73,9.28,6050588,59551608.92
RNLI,Reliable Nepal Life Insurance Ltd,Life Insurance,2024-12-03,2025-12-03,226,593.0,416.0,485.0,15881453,8151306937.85
RSDC,RSDC Laghubitta Bittiya Sanstha Ltd.,Microfinance,2024-12-03,2025-12-03,226,880.0,586.0,648.0,5097406,3704884574.5
RSY,Reliable Nepal Life Insurance Ltd,Life Insurance,2025-06-24,2025-12-03,97,10.08,0.0,9.17,2543932,24247253.07
RURU,Ru Ru Jalbidhyut Pariyojana Limited,Hydro Power,2024-12-03,2025-12-03,226,853.0,640.0,740.0,4556323,3416709471.47
SADBL,SHANGRI-LA DEVELOPMENT BANK LIMITED,Development Banks,2024-12-03,2025-12-03,226,526.5,372.4,409.9,16695421,7333400515.1
SAEF,Sanima Bank Limited,Commercial Banks,2024-12-03,2024-12-22,13,11.4,11.07,11.25,1394218,15700487.399999999
SAGAR,Sagar Distillery Limited,Manufacturing And Processing,2025-11-09,2025-12-03,19,1951.8,319.5,1951.8,26860,36578431.0
SAGF,Sanima Growth Fund,Mutual Fund,2024-12-03,2025-12-03,226,11.0,8.79,9.3,10510695,103537144.72
SAHAS,Sahas Urja Limited,Hydro Power,2024-12-03,2025-12-03,226,705.0,463.0,549.0,42765118,24966760212.3
SAIL,SHREENAGAR AGRITECH INDUSTRIES LIMITED,Manufacturing And Processing,2025-11-23,2025-12-03,9,646.1,0.0,646.1,4480,2315734.0
SALICO,Sagarmatha Lumbini Insurance Co. Limited,Non Life Insurance,2024-12-03,2025-12-03,226,780.0,570.1,599.9,2125547,1480975436.9
SAMAJ,Samaj Laghubitta Bittiya Sanstha Ltd,Microfinance,2024-12-03,2025-12-03,226,3824.0,1875.8,1875.8,245687,687786786.39
SAND2085,Sanima Bank Limited,Commercial Banks,2024-12-03,2025-12-03,226,1189.0,1069.2,1150.0,24638,27735911.5
SANIMA,Sanima Bank Limited,Commercial Banks,2024-12-03,2025-12-03,226,391.0,285.0,314.9,28252743,9585041453.0
SANVI,Sanvi Energy Limited,Hydro Power,2025-07-20,2025-12-03,79,930.4,359.0,693.0,2456653,1753069638.9
SAPDBL,Saptakoshi Development bank Ltd,Development Banks,2024-12-03,2025-12-03,226,1622.7,686.0,810.1,16635638,17622938234.7
SBCF,Sunrise Bank Limited,Commercial Banks,2024-12-03,2025-12-03,226,12.03,8.7,9.0,20633806,211406061.42
SBD87,Sanima Bank Limited,Commercial Banks,2024-12-03,2025-12-03,226,1139.0,1018.0,1120.0,8467,9021331.8
SBI,Nepal SBI Bank Limited,Commercial Banks,2024-12-03,2025-12-03,226,470.9,363.0,399.9,10948823,4576363606.8
SBIBD86,Nepal SBI Bank Limited,Commercial Banks,2024-12-03,2025-12-03,226,1190.0,1050.0,1160.0,7554,8521241.5
SBID83,Nepal SBI Bank Limited,Commercial Banks,2024-12-03,2025-12-03,226,1226.0,1025.0,1092.2,135584,154701765.9
SBID89,Nepal SBI Bank Limited,Commercial Banks,2024-12-03,2025-12-03,226,1215.0,1039.0,1158.0,22246,24764848.0
SBL,Siddhartha Bank Limited,Commercial Banks,2024-12-03,2025-12-03,226,408.0,261.0,352.0,20943032,7129016496.81
SBLD2082,Siddhartha Bank Limited,Commercial Banks,2024-12-03,2025-12-03,226,1180.0,1038.0,1040.0,39730,44024747.9
SBLD2091,Siddhartha Bank Limited,Commercial Banks,2025-09-02,2025-12-03,48,1117.0,0.0,1100.0,91495,94417266.8
SBLD83,Siddhartha Bank Limited,Commercial Banks,2024-12-03,2025-12-03,226,1144.4,1038.7,1082.0,57590,64290747.400000006
SBLD84,Siddhartha Bank Limited,Commercial Banks,2024-12-03,2025-12-03,226,1102.5,1008.5,1070.0,7663,8133696.7
SBLD89,Siddhartha Bank Limited,Commercial Banks,2024-12-03,2025-12-03,226,1450.0,1130.1,1400.0,753274,996771005.3
SBPP,Shree Bhrikuti Pulp And Paper Limited,Manufacturing And Processing,2024-12-03,2025-12-03,226,50.0,50.0,50.0,0,0.0
SCB,Standard Chartered Bank  Nepal Limited,Commercial Banks,2024-12-03,2025-12-03,226,705.8,594.9,631.0,5845960,3786526093.8
SCBD,Standard Chartered Bank  Nepal Limited,Commercial Banks,2024-12-03,2025-12-03,226,1227.0,1060.9,1190.0,10003,11807858.9
SDBD87,SHANGRI-LA DEVELOPMENT BANK LIMITED,Development Banks,2024-12-03,2025-12-03,226,1173.0,1030.0,1173.0,39563,42679412.2
SEF,Siddhartha Bank Limited,Commercial Banks,2024-12-03,2025-12-03,226,11.5,8.6,9.3,23783654,239503459.63
SEOS,Siddhartha Bank Limited,Commercial Banks,2024-12-03,2025-12-03,226,10.85,10.85,10.85,0,0.0
SFC,Samjhana Finance Co. Ltd.,Finance,2024-12-03,2025-12-03,226,230.0,230.0,230.0,0,0.0
SFCL,Samriddhi Finance Company Limited,Finance,2024-12-03,2025-12-03,226,800.0,373.1,402.0,9334482,5170786860.82
SFEF,Sunrise Capital Limited,Commercial Banks,2024-12-03,2025-12-03,226,11.12,8.82,9.23,25807655,261633745.89
SFMF,Laxmi Sunrise Bank Limited,Commercial Banks,2024-12-03,2025-12-03,226,11.74,9.4,10.0,6727375,68796935.99
SGHC,Swet-Ganga Hydropower and Construction Limited,Hydro Power,2024-12-03,2025-12-03,226,649.5,296.0,413.0,6671294,3187721705.8
SGIC,Sanima GIC Insurance Limited,Non Life Insurance,2024-12-03,2025-12-03,226,737.4,439.0,481.0,6597062,4045659187.8
SHEL,Singati Hydro Energy Ltd,Hydro Power,2024-12-03,2025-12-03,226,347.8,227.4,289.0,69836133,20101844464.75
SHINE,SHINE RESUNGA DEVELOPMENT BANK LTD,Development Banks,2024-12-03,2025-12-03,226,499.0,382.0,398.8,11547230,5000655942.3
SHINED,SHINE RESUNGA DEVELOPMENT BANK LTD,Development Banks,2025-11-11,2025-12-03,17,1171.0,1000.0,1151.1,116173,133875989.3
SHIVM,Shivam Cements Limited,Manufacturing And Processing,2024-12-03,2025-12-03,226,709.0,495.0,581.5,44633929,26348984419.23
SHL,Soaltee Hotel Limited,Hotels And Tourism,2024-12-03,2025-12-03,226,619.0,455.0,484.0,22845959,12660342619.63
SHLB,Shrijanshil Laghubitta Baittiya sanstha Limited,Microfinance,2024-12-03,2025-12-03,226,2907.0,1672.1,1723.1,511141,1209512169.0
SHPC,Sanima Mai Hydropower Limited,Hydro Power,2024-12-03,2025-12-03,226,684.9,438.1,530.0,58421531,33906149862.57
SICL,Shikhar Insurance Co. Ltd.,Non Life Insurance,2024-12-03,2025-12-03,226,891.0,588.8,640.0,3399175,2598639838.42
SIFC,Shree Investment Finance Co. Ltd.,Finance,2024-12-03,2025-12-03,226,691.5,459.0,520.0,5380783,2961464803.2
SIGS2,Siddhartha Bank Limited,Commercial Banks,2024-12-03,2025-12-03,226,11.7,8.9,9.52,10209627,106977522.25
SIGS3,Siddhartha Bank Limited,Commercial Banks,2024-12-03,2025-12-03,226,11.46,8.5,9.35,16653435,170485617.18
SIKLES,Sikles Hydropower Limited,Hydro Power,2024-12-03,2025-12-03,226,1475.0,606.5,660.0,4209544,3653955916.3
SINDU,Sindhu Bikash Bank Ltd,Development Banks,2024-12-03,2025-12-03,226,1482.0,608.0,727.9,15687887,15588160232.44
SJCL,SANJEN JALAVIDHYUT COMPANY LTD,Hydro Power,2024-12-03,2025-12-03,226,387.6,267.0,296.9,4926376,1649838110.9
SJLIC,SuryaJyoti Life Insurance Company Limited,Life Insurance,2024-12-03,2025-12-03,226,518.9,390.0,461.9,8522264,3883878872.7
SKBBL,Sana Kisan Bikas Laghubitta Bittiya Sanstha Limited,Microfinance,2024-12-03,2025-12-03,226,999.0,780.0,872.0,5619918,4955197050.2
SLBBL,Swarojgar Laghubitta Bittiya Sanstha Ltd.,Microfinance,2024-12-03,2025-12-03,226,1159.4,780.0,909.0,3558715,3485389311.0
SLBSL,Samudayik Laghubitta Bittiya Sanstha Limited,Microfinance,2024-12-03,2025-12-03,226,3047.0,1234.5,1318.0,2013080,3669616796.6
SLCF,Sanima Bank Limited,Commercial Banks,2024-12-03,2025-12-03,226,11.99,8.6,9.28,11016979,113008348.95
SMATA,Samata Gharelu Laghubitta Bittiya Sanstha Limited,Microfinance,2024-12-03,2025-12-03,226,1382.0,734.1,815.0,3586386,3404095895.9
SMB,Support Lagubitta Bittiya Sanstha Limited,Microfinance,2024-12-03,2025-12-03,226,4026.2,1968.1,2148.0,820101,2227047734.4
SMFBS,Swabhumaan Laghubitta Bittiya Sanstha Ltd,Microfinance,2024-12-03,2025-12-03,226,2426.4,1490.0,1720.0,723972,1402172080.9
SMH,Supermai Hydropower Limited,Hydro Power,2024-12-03,2025-12-03,226,1178.0,725.0,776.0,544143,520312301.9
SMHL,Super Madi Hydropower Limited,Hydro Power,2024-12-03,2025-12-03,226,1657.0,723.0,733.0,6359431,6992691153.7
SMJC,Sagarmatha Jalabidhyut Company Limited,Hydro Power,2024-12-03,2025-12-03,226,735.0,480.0,514.0,9594177,5731389197.9
SMPDA,Sampada Laghubitta Bittiya Sanstha Limited,Microfinance,2024-12-03,2025-12-03,226,1205.0,840.0,941.0,2201805,2161421358.5
SNLI,Sun Nepal Life Insurance Company Limited,Life Insurance,2024-12-03,2025-12-03,226,744.5,411.6,498.0,8641996,5027184895.93
SONA,Sonapur Minerals And Oil Limited,Manufacturing And Processing,2024-12-03,2025-12-03,226,545.0,398.0,427.0,14179966,6709176187.8
SPC,Samling power company limited,Hydro Power,2024-12-03,2025-12-03,226,722.0,441.0,490.1,9849616,5688498051.79
SPDL,Synergy Power Development Ltd.,Hydro Power,2024-12-03,2025-12-03,226,465.0,308.9,421.0,40607031,15915539673.7
SPIL,Siddhartha Premier Insurance Limited,Non Life Insurance,2024-12-03,2025-12-03,226,980.4,625.0,724.0,3835508,3147672720.4
SPL,SHUVAM POWER LIMITED,Hydro Power,2024-12-03,2025-12-03,226,1102.2,765.0,916.0,1357409,1288155041.4
SRBLD83,Sunrise Bank Limited,Commercial Banks,2024-12-03,2025-12-03,226,1152.6,1037.3,1101.6,11099,12013691.3
SRLI,Sanima Reliance Life Insurance Limited,Life Insurance,2024-12-03,2025-12-03,226,480.0,363.9,402.1,11608231,4894251859.13
SRS,Shree Ram Sugar Mills Limited,Manufacturing And Processing,2024-12-03,2025-12-03,226,338.0,338.0,338.0,0,0.0
SSHL,Shiva Shree Hydropower Limited,Hydro Power,2024-12-03,2025-12-03,226,313.8,156.0,165.2,32289755,7820700638.53
STC,Salt Trading Corporation,Tradings,2024-12-03,2025-12-03,226,6399.0,4832.0,5365.0,466777,2487488266.6
SWASTIK,SWASTIK LAGHUBITTA BITTIYA SANSTHA LTD.,Microfinance,2025-11-11,2025-12-03,17,1194.3,391.7,1194.3,990,768562.0
SWBBL,Swabalamban Laghubitta Bittiya Sanstha Limited,Microfinance,2024-12-03,2025-12-03,226,1046.5,756.9,799.8,3068133,2757798159.8
SWMF,Suryodaya Womi Laghubitta Bittiya Sanstha Limited,Microfinance,2024-12-03,2025-12-03,226,868.1,641.1,697.0,1287360,967548370.1
TAMOR,Sanima Middle Tamor Hydropower Limited,Hydro Power,2024-12-03,2025-12-03,226,637.0,443.0,478.2,9616040,5252522074.8
TPC,Terhathum Power Company Limited,Hydro Power,2024-12-03,2025-12-03,226,671.6,270.1,340.0,10449567,4959551572.7
TRH,Taragaon Regency Hotel Limited,Hotels And Tourism,2024-12-03,2025-12-03,226,1284.0,681.1,704.0,1957953,1968420245.5
TSHL,Three Star Hydropower Ltd,Hydro Power,2024-12-03,2025-12-03,226,1046.6,616.8,694.0,1781203,1491239801.8
TTL,Trade Tower Limited,Others,2025-07-16,2025-12-03,81,1262.8,0.0,827.0,3004779,2667729781.3
TVCL,Trishuli Jal Vidhyut Company Limited ,Hydro Power,2024-12-03,2025-12-03,226,697.0,386.0,434.2,5418807,2996026248.3
UAIL,United Ajod Insurance Limited,Non Life Insurance,2024-12-03,2025-12-03,226,767.0,422.1,469.5,5404051,3255792420.78
UHEWA,Upper Hewakhola Hydropower company Limited,Hydro Power,2024-12-03,2025-12-03,226,993.4,508.5,604.9,4571634,3163413344.7
ULBSL,Upakar Laghubitta Bittiya  Sanstha  Limited,Microfinance,2024-12-03,2025-12-03,226,6600.0,2931.0,3720.0,1069238,4035692656.6
ULHC,Upper Lohore Khola Hydropower Company Limited,Hydro Power,2024-12-03,2025-12-03,226,693.0,411.7,456.0,6562618,3493165182.7
UMHL,United Modi Hydropower Ltd.,Hydro Power,2024-12-03,2025-12-03,226,625.0,310.0,589.9,43148948,20942895751.8
UMRH,United Idi Mardi & RB Hydropower Ltd,Hydro Power,2024-12-03,2025-12-03,226,790.0,526.0,572.0,10892407,7180884352.9
UNHPL,Union Hydropower Limited,Hydro Power,2024-12-03,2025-12-03,226,554.7,263.9,491.8,42753792,18348737178.7
UNL,Unilever Nepal Limited,Manufacturing And Processing,2024-12-03,2025-12-03,226,50724.0,43800.0,46256.0,13076,609225057.7
UNLB,Unique Nepal Laghubitta Bittiya Sanstha Limited,Microfinance,2024-12-03,2025-12-03,226,2888.6,1818.4,1989.0,575947,1402962274.5
UPCL,Universal Power Company Limited,Hydro Power,2024-12-03,2025-12-03,226,489.0,260.0,365.0,75841512,29805377989.5
UPPER,Upper Tamakoshi Hydropower Ltd,Hydro Power,2024-12-03,2025-12-03,226,228.0,166.0,178.4,38847439,7870776871.8
USHEC,Upper solu Electric company Limited,Hydro Power,2024-12-03,2025-12-03,226,752.0,410.0,474.9,6012642,3341385007.8
USHL, Upper Syange Hydropower Limited,Hydro Power,2024-12-03,2025-12-03,226,905.0,588.0,722.0,1194823,911304248.5
USLB,Unnati Sahakarya Laghubitta Bittiya Sanstha Limited,Microfinance,2024-12-03,2025-12-03,226,2750.0,1471.0,1598.0,2918293,5804660757.9
VLBS,Vijaya laghubitta Bittiya Sanstha Ltd.,Microfinance,2024-12-03,2025-12-03,226,1008.0,737.0,784.0,917393,798052294.8
VLUCL,Vision Lumbini Urja Company Limited,Hydro Power,2024-12-03,2025-12-03,226,802.0,516.0,564.0,4257657,2922450761.5
WNLB,Wean Nepal Laghubitta Bittiya Sanstha Limited,Microfinance,2024-12-03,2025-12-03,226,4271.0,1800.0,1966.0,697689,1909953344.3
YHL,Yak And Yeti Hotel Limited,Hotels And Tourism,2024-12-03,2025-12-03,226,600.0,600.0,600.0,0,0.0
